Date,Calls
2011-01-02T12:32:32.23433,5
2011-01-04T11:25:56.92833,8
2011-01-16T11:25:56.92833,6
2011-01-19T21:25:56.92833,8
2011-01-11T18:25:56.92833,8
2011-02-12T15:25:56.92833,3
2011-02-23T14:22:43.82892,5
2011-02-17T14:22:43.82892,7
2011-02-04T14:22:43.82892,2
2011-02-19T14:22:43.82892,9
2011-02-04T14:22:43.82892,0
2011-02-11T22:31:11.89283,11
2011-04-16T09:27:56.12124,22
2011-04-27T09:27:56.12124,1
2011-04-22T09:27:56.12124,7
2011-04-29T09:27:56.12124,34
2011-05-30T09:27:56.12124,3
2011-05-31T09:27:56.12124,22
2011-05-11T09:27:56.12124,8
2011-05-19T09:27:56.12124,9
2011-05-15T09:27:56.12124,5
2011-06-22T09:27:56.12124,5
2011-06-28T09:27:56.12124,5
2011-06-15T09:27:56.12124,4
2011-06-07T09:27:56.12124,4
2011-06-14T09:27:56.12124,52
2011-07-12T09:27:56.12124,2
2011-07-14T09:27:56.12124,5
2011-07-16T09:27:56.12124,5
2011-07-09T09:27:56.12124,5
2011-07-20T09:27:56.12124,5
